category;cohort;country
Dev Tools,2023,Bangladesh
AI Engineering,2025,India (IN)
Serverless,2023,India
Security,2025,United States of America (US)
Network C&D,2025,Germany (DE)
Data,2025,India (IN)
Security,2025,Nepal (NP)
Containers,2024,France
Serverless,2025,Egypt (EG)
Containers,2023,Egypt
Machine Learning,2023,Egypt
Security,2023,United States of America
Cloud Operations,2023,Indonesia
Machine Learning,2023,Pakistan
Containers,2025,Pakistan (PK)
Data,2024,Pakistan
AI Engineering,2022,Egypt
AI Engineering,2025,France (FR)
Containers,2025,Nigeria (NG)
Serverless,2025,United Arab Emirates (AE)
Network C&D,2025,Nigeria (NG)
Serverless,2025,India (IN)
Security,2025,India (IN)
Serverless,2024,Canada
Containers,2023,India
Containers,2023,India
Data,2020,India
Dev Tools,2023,India
Containers,2020,India
Security,2024,India
Security,2023,Canada
Cloud Operations,2025,India (IN)
Serverless,2025,Nepal (NP)
Machine Learning,2023,India
Data,2025,India (IN)
AI Engineering,2024,Nepal
AI Engineering,2025,India (IN)
Security,2025,United Kingdom of Great Britain and Northern Ireland (GB)
Serverless,2025,Philippines (PH)
Dev Tools,2023,Sri Lanka
Machine Learning,2024,United States of America
Security,2022,United Kingdom of Great Britain and Northern Ireland
Security,2023,United States of America
Serverless,2023,Poland
Security,2025,Spain (ES)
Containers,2025,Italy (IT)
Security,2022,Nigeria
Security,2021,Kenya
Serverless,2025,Nigeria (NG)
Containers,2025,Nigeria (NG)
Network C&D,2025,India (IN)
Cloud Operations,2023,India
Containers,2023,India
Dev Tools,2023,Indonesia
AI Engineering,2025,India (IN)
AI Engineering,2025,India (IN)
Serverless,2021,South Africa
Serverless,2023,Hungary
Machine Learning,2024,Mexico
Containers,2023,France
Machine Learning,2022,Indonesia
Dev Tools,2023,India
Machine Learning,2022,Sri Lanka
Cloud Operations,2022,France
Containers,2025,Pakistan (PK)
Cloud Operations,2023,United Arab Emirates
Containers,2023,United Arab Emirates
Containers,2024,Bosnia and Herzegovina
Containers,2021,Malaysia
Machine Learning,2022,Egypt
Machine Learning,2022,Egypt
Machine Learning,2023,Egypt
Serverless,2025,Egypt (EG)
Serverless,2025,United Arab Emirates (AE)
Security,2021,Japan
Containers,2025,Malaysia (MY)
Containers,2022,Qatar
Cloud Operations,2025,United Kingdom of Great Britain and Northern Ireland (GB)
Security,2024,United States of America
Dev Tools,2023,Nepal
Containers,2025,India (IN)
Serverless,2025,India (IN)
Data,2025,India (IN)
AI Engineering,2025,India (IN)
Containers,2021,India
Network C&D,2021,India
Containers,2021,Nepal
Containers,2022,Nigeria
Dev Tools,2022,Nigeria
Security,2025,Nepal (NP)
Containers,2025,India (IN)
Serverless,2025,India (IN)
Dev Tools,2022,India
Containers,2024,Singapore
Serverless,2024,India
Serverless,2021,India
Network C&D,2025,Australia (AU)
Serverless,2021,Finland
Containers,2022,Japan
Containers,2022,Benin
Dev Tools,2024,Japan
Security,2024,Japan
Serverless,2020,Japan
Network C&D,2024,Nepal
Cloud Operations,2023,India
Serverless,2023,Australia
Cloud Operations,2025,Peru (PE)
Security,2022,Kenya
Serverless,2025,Indonesia (ID)
AI Engineering,2025,Colombia (CO)
Dev Tools,2023,Colombia
Dev Tools,2023,Colombia
Security,2022,Spain
Dev Tools,2025,Mexico (MX)
AI Engineering,2022,Poland
Security,2023,Canada
Network C&D,2023,Bosnia and Herzegovina
Security,2024,Serbia
Containers,2025,Serbia (RS)
Machine Learning,2025,Italy (IT)
Serverless,2022,Germany
Dev Tools,2025,Germany (DE)
Cloud Operations,2024,Spain
Dev Tools,2022,Romania
Dev Tools,2020,United States of America
Security,2022,United States of America
Serverless,2021,United Kingdom of Great Britain and Northern Ireland
Serverless,2022,United Kingdom of Great Britain and Northern Ireland
Containers,2025,United States of America (US)
Containers,2025,Mexico (MX)
Serverless,2025,Romania (RO)
Data,2022,Colombia
Security,2023,Germany
Containers,2022,Thailand
Serverless,2023,Canada
Dev Tools,2025,Canada (CA)
Containers,2025,Israel (IL)
AI Engineering,2023,United States of America
Security,2022,Brazil
Serverless,2023,Peru
Data,2024,Germany
Data,2025,Kazakhstan (KZ)
Containers,2021,India
Serverless,2024,Israel
Containers,2022,Nigeria
Security,2022,Turkey
Serverless,2023,Netherlands
Serverless,2022,Germany
Serverless,2025,Pakistan (PK)
Containers,2021,Belarus
Data,2023,Brazil
Dev Tools,2022,India
Cloud Operations,2025,India (IN)
Serverless,2024,Canada
Serverless,2024,Sweden
Serverless,2024,Spain
Network C&D,2022,India
Cloud Operations,2023,India
Dev Tools,2022,United States of America
Cloud Operations,2025,Brazil (BR)
Machine Learning,2020,Canada
Containers,2024,Canada
Containers,2023,Brazil
Machine Learning,2023,United States of America
Cloud Operations,2025,Canada (CA)
Cloud Operations,2025,India (IN)
Security,2025,India (IN)
Cloud Operations,2025,Philippines (PH)
Dev Tools,2023,United States of America
Cloud Operations,2023,Bangladesh
Cloud Operations,2020,India
Machine Learning,2024,Nepal
Machine Learning,2022,United States of America
Serverless,2023,India
Containers,2025,Israel (IL)
Security,2024,United States of America
Containers,2023,India
Containers,2022,United States of America
Dev Tools,2025,United States of America (US)
Serverless,2022,Viet Nam
Dev Tools,2024,Macedonia
Dev Tools,2023,France
Data,2025,India (IN)
Security,2022,Spain
Serverless,2025,United States of America (US)
Cloud Operations,2023,India
Dev Tools,2022,Switzerland
Machine Learning,2023,Colombia
Security,2025,Spain (ES)
Containers,2023,Indonesia
Security,2020,Peru
Serverless,2025,United Kingdom of Great Britain and Northern Ireland (GB)
Serverless,2025,Germany (DE)
Data,2024,Chile
AI Engineering,2023,Canada
Serverless,2025,Italy (IT)
Network C&D,2025,United States of America (US)
Network C&D,2025,Colombia (CO)
Cloud Operations,2020,Germany
Dev Tools,2020 beta,Germany
Machine Learning,2021,Austria
Dev Tools,2025,Sweden (SE)
Security,2025,Romania (RO)
Serverless,2023,United States of America
Serverless,2025,Canada (CA)
Cloud Operations,2020,United States of America
Data,2024,United States of America
Security,2020 beta,United States of America
Network C&D,2025,United States of America (US)
Security,2021,Sweden
Security,2023,Ukraine
Serverless,2023,Germany
Dev Tools,2025,Poland (PL)
Dev Tools,2025,Brazil (BR)
Cloud Operations,2025,Portugal (PT)
AI Engineering,2023,Mexico
Dev Tools,2021,United States of America
Containers,2025,Hong Kong (HK)
Containers,2025,Viet Nam (VN)
Machine Learning,2023,United States of America
Containers,2022,India
Data,2025,Nepal (NP)
Data,2025,India (IN)
Cloud Operations,2023,India
Serverless,2022,India
Dev Tools,2022,Nigeria
Data,2023,Nepal
AI Engineering,2025,Nepal (NP)
Serverless,2022,Macedonia
AI Engineering,2025,Germany (DE)
Security,2025,United Arab Emirates (AE)
Containers,2025,India (IN)
Security,2024,India
Security,2022,Thailand
Network C&D,2025,India (IN)
Data,2025,India (IN)
Containers,2025,India (IN)
Serverless,2025,India (IN)
Data,2023,Nepal
Security,2023,India
Data,2025,United States of America (US)
Serverless,2025,India (IN)
Machine Learning,2024,United States of America
Machine Learning,2023,Ukraine
Dev Tools,2025,Germany (DE)
Cloud Operations,2023,United Kingdom of Great Britain and Northern Ireland
Network C&D,2025,Qatar (QA)
Serverless,2023,Canada
Dev Tools,2024,Canada
Security,2023,Hong Kong (S.A.R.)
Network C&D,2025,Kenya (KE)
Serverless,2024,Sweden
Cloud Operations,2025,Poland (PL)
Security,2025,Kazakhstan (KZ)
Network C&D,2025,Ukraine (UA)
Containers,2025,Israel (IL)
Dev Tools,2021,Denmark
Security,2025,Nepal (NP)
Serverless,2025,United States of America (US)
Containers,2023,India
Dev Tools,2023,Nepal
Serverless,2025,India (IN)
Security,2023,Israel
Containers,2022,Nigeria
Data,2023,United Kingdom of Great Britain and Northern Ireland
Cloud Operations,2024,India
Containers,2023,India
Cloud Operations,2023,New Zealand
Dev Tools,2020 beta,Finland
Dev Tools,2023,Australia
Cloud Operations,2020,Poland
Dev Tools,2025,Philippines (PH)
Serverless,2025,Kazakhstan (KZ)
Serverless,2025,United Kingdom of Great Britain and Northern Ireland (GB)
Security,2024,Mexico
Machine Learning,2023,Brazil
Data,2023,Germany
Security,2022,Hungary
Network C&D,2025,India (IN)
Containers,2025,United States of America (US)
Cloud Operations,2024,Germany
Cloud Operations,2025,Indonesia (ID)
Data,2023,Ukraine
Containers,2025,Ukraine (UA)
AI Engineering,2025,United Kingdom of Great Britain and Northern Ireland (GB)
Cloud Operations,2022,Brazil
Cloud Operations,2022,Germany
Data,2025,India (IN)
Containers,2025,India (IN)
Machine Learning,2025,India (IN)
Cloud Operations,2022,United States of America
Data,2025,United States of America (US)
Dev Tools,2022,Indonesia
Security,2024,New Zealand
Serverless,2023,Sri Lanka
Security,2023,India
Cloud Operations,2023,India
Containers,2023,India
Security,2022,Australia
Data,2025,India (IN)
Serverless,2025,India (IN)
Dev Tools,2020,India
Security,2024,Japan
Cloud Operations,2025,Nepal (NP)
Data,2024,India
Security,2021,India
Serverless,2021,India
Data,2025,India (IN)
Data,2025,India (IN)
Network C&D,2025,Philippines (PH)
Serverless,2025,Bangladesh (BD)
Containers,2025,Egypt (EG)
Serverless,2022,United Arab Emirates
Cloud Operations,2025,Japan (JP)
Dev Tools,2021,Japan
Containers,2025,Japan (JP)
AI Engineering,2024,Japan
Serverless,2022,India
Cloud Operations,2025,Qatar (QA)
Network C&D,2021,Canada
Serverless,2025,Myanmar (MM)
Serverless,2025,France (FR)
Cloud Operations,2023,India
Containers,2021,India
Cloud Operations,2022,Singapore
Dev Tools,2021,Nepal
Machine Learning,2023,Nigeria
Cloud Operations,2021,Peru
Serverless,2025,Belgium (BE)
Dev Tools,2025,Argentina (AR)
Data,2025,Pakistan (PK)
Cloud Operations,2022,Norway
Serverless,2025,United Kingdom of Great Britain and Northern Ireland (GB)
Containers,2022,Nigeria
Dev Tools,2022,Egypt
Serverless,2022,Egypt
Containers,2025,United Kingdom of Great Britain and Northern Ireland (GB)
Data,2023,United Kingdom of Great Britain and Northern Ireland
Security,2025,Nigeria (NG)
Security,2025,Germany (DE)
Serverless,2024,Japan
AI Engineering,2025,United States of America (US)
AI Engineering,2025,India (IN)
Dev Tools,2023,United States of America
Security,2023,Nigeria
Dev Tools,2025,United States of America (US)
Containers,2023,Viet Nam
AI Engineering,2025,Viet Nam (VN)
Machine Learning,2023,United Arab Emirates
Cloud Operations,2023,Armenia
Serverless,2023,Cameroon
AI Engineering,2025,Kazakhstan (KZ)
Security,2025,United States of America (US)
Security,2024,India
Security,2025,Malaysia (MY)
Security,2021,Germany
Serverless,2022,Canada
Serverless,2025,Mexico (MX)
Dev Tools,2025,New Zealand (NZ)
Cloud Operations,2024,United Kingdom of Great Britain and Northern Ireland
Serverless,2025,Egypt (EG)
Cloud Operations,2022,Brazil
Serverless,2025,Australia (AU)
Network C&D,2025,United Kingdom of Great Britain and Northern Ireland (GB)
Containers,2025,Sri Lanka (LK)
AI Engineering,2025,Switzerland (CH)
Serverless,2023,United States of America
Serverless,2021,Netherlands
Serverless,2025,Canada (CA)
Serverless,2021,Spain
Machine Learning,2023,Mauritius
Security,2022,Kenya
Containers,2025,Nigeria (NG)
Machine Learning,2020,Brazil
Machine Learning,2023,Nigeria
Network C&D,2025,Canada (CA)
Dev Tools,2022,Indonesia
Cloud Operations,2021,India
Serverless,2025,India (IN)
Dev Tools,2023,India
Security,2023,Colombia
Containers,2022,India
Dev Tools,2023,Pakistan
Security,2025,Nepal (NP)
Containers,2022,Viet Nam
Security,2022,Viet Nam
Security,2025,Nepal (NP)
Data,2025,Nepal (NP)
Network C&D,2025,Nepal (NP)
Serverless,2025,Bangladesh (BD)
Security,2024,United States of America
Dev Tools,2020,United States of America
Containers,2025,United States of America (US)
Cloud Operations,2023,United States of America
Serverless,2023,Poland
Serverless,2023,Australia
Serverless,2025,Nigeria (NG)
Dev Tools,2022,Ecuador
Security,2023,Singapore
Containers,2025,Bosnia and Herzegovina (BA)
Containers,2025,Hong Kong (HK)
Security,2024,Germany
Serverless,2021,Indonesia
Machine Learning,2022,Nigeria
Network C&D,2024,Canada
Dev Tools,2025,Kenya (KE)
Machine Learning,2024,Mexico
Data,2025,United States of America (US)
Serverless,2025,Singapore (SG)
Cloud Operations,2022,Brazil
Cloud Operations,2022,United States of America
Dev Tools,2021,Canada
Dev Tools,2023,United States of America
Dev Tools,2020,United States of America
Cloud Operations,2025,Ireland (IE)
Dev Tools,2021,Brazil
Machine Learning,2023,Brazil
Security,2021,Finland
Security,2021,Brazil
Serverless,2021,Netherlands
AI Engineering,2025,United States of America (US)
Network C&D,2022,Turkey
Data,2025,Sri Lanka (LK)
Containers,2024,South Korea
Containers,2022,South Korea
Dev Tools,2023,Turkey
Data,2025,Netherlands (NL)
Cloud Operations,2025,United Kingdom of Great Britain and Northern Ireland (GB)
Containers,2022,Kenya
AI Engineering,2025,Chile (CL)
AI Engineering,2025,Bolivia (BO)
Containers,2023,New Zealand
Data,2022,United States of America
AI Engineering,2025,Italy (IT)
Network C&D,2025,Italy (IT)
Cloud Operations,2024,Brazil
Data,2021,Argentina
Security,2022,Peru
Serverless,2025,Canada (CA)
Cloud Operations,2023,United States of America
Cloud Operations,2022,Peru
Containers,2023,Brazil
Cloud Operations,2025,Sweden (SE)
AI Engineering,2025,Viet Nam (VN)
Security,2025,United States of America (US)
Security,2021,Canada
Cloud Operations,2025,Netherlands (NL)
Machine Learning,2022,Israel
AI Engineering,2025,India (IN)
Security,2024,New Zealand
AI Engineering,2025,Singapore (SG)
Serverless,2025,Sri Lanka (LK)
Dev Tools,2023,India
Containers,2022,Saudi Arabia
Cloud Operations,2025,Australia (AU)
Data,2022,China
Serverless,2023,Taiwan
Serverless,2025,Sri Lanka (LK)
Machine Learning,2023,United States of America
Serverless,2025,Canada (CA)
Serverless,2021,Nigeria
Serverless,2023,United Kingdom of Great Britain and Northern Ireland
Serverless,2025,Viet Nam (VN)
Security,2024,Hong Kong (S.A.R.)
Serverless,2021,Taiwan
Containers,2022,Kenya
Machine Learning,2023,India
Containers,2025,India (IN)
Dev Tools,2021,Hong Kong (S.A.R.)
Serverless,2022,Nigeria
Serverless,2023,Nigeria
Security,2023,Nigeria
AI Engineering,2025,Viet Nam (VN)
AI Engineering,2025,Taiwan (TW)
Cloud Operations,2024,Nigeria
AI Engineering,2025,India (IN)
Security,2025,India (IN)
Network C&D,2025,India (IN)
Serverless,2023,Sri Lanka
Serverless,2023,India
Security,2025,Singapore (SG)
Machine Learning,2023,New Zealand
Data,2020 beta,United Kingdom of Great Britain and Northern Ireland
Serverless,2024,France
Network C&D,2023,Australia
Serverless,2024,United States of America
Serverless,2020,United States of America
Serverless,2023,Germany
Serverless,2023,South Korea
Serverless,2025,United States of America (US)
Serverless,2025,United Kingdom of Great Britain and Northern Ireland (GB)
Network C&D,2025,United States of America (US)
Security,2025,South Africa (ZA)
Dev Tools,2024,Australia
Security,2022,Switzerland
Security,2024,France
Security,2024,United States of America
Data,2022,Kenya
Dev Tools,2023,United Kingdom of Great Britain and Northern Ireland
Security,2023,United Kingdom of Great Britain and Northern Ireland
Serverless,2022,Singapore
Dev Tools,2023,United Kingdom of Great Britain and Northern Ireland
Serverless,2025,Nigeria (NG)
Data,2021,Brazil
Dev Tools,2023,Italy
Network C&D,2024,Brazil
Dev Tools,2022,Nigeria
Dev Tools,2025,South Africa (ZA)
Serverless,2020,United States of America
Network C&D,2023,United Kingdom of Great Britain and Northern Ireland
Dev Tools,2022,Kenya
Serverless,2025,United Kingdom of Great Britain and Northern Ireland (GB)
Serverless,2023,United Kingdom of Great Britain and Northern Ireland
Serverless,2023,France
Network C&D,2023,United States of America
Dev Tools,2021,Peru
Data,2021,Argentina
Serverless,2022,Australia
Security,2022,Spain
Machine Learning,2022,Ecuador
Dev Tools,2023,Hungary
Security,2021,Viet Nam
Machine Learning,2023,Mexico
Cloud Operations,2022,United Kingdom of Great Britain and Northern Ireland
Containers,2025,Chile (CL)
Data,2021,Australia
Containers,2023,South Korea
Cloud Operations,2024,Japan
Containers,2025,Japan (JP)
Data,2025,Japan (JP)
Dev Tools,2024,United States of America
Security,2022,United States of America
Containers,2025,Australia (AU)
Data,2025,Uganda (UG)
Machine Learning,2022,Peru
Cloud Operations,2024,Italy
Security,2022,United States of America
AI Engineering,2023,Ireland
Data,2025,United Kingdom of Great Britain and Northern Ireland (GB)
Network C&D,2024,Brazil
Serverless,2023,United Arab Emirates
Containers,2020,Colombia
Data,2023,United Kingdom of Great Britain and Northern Ireland
Data,2024,United Kingdom of Great Britain and Northern Ireland
AI Engineering,2023,Colombia
Dev Tools,2021,Germany
Dev Tools,2022,Kenya
Dev Tools,2022,New Zealand
Dev Tools,2021,Germany
Machine Learning,2021,Colombia
Machine Learning,2022,United States of America
Network C&D,2022,United Kingdom of Great Britain and Northern Ireland
Security,2023,United Kingdom of Great Britain and Northern Ireland
Security,2020,Spain
Serverless,2023,United States of America
Serverless,2020 beta,Singapore
Serverless,2020 beta,Canada
Serverless,2025,Ghana (GH)
Containers,2025,Kenya (KE)
Serverless,2025,Colombia (CO)
AI Engineering,2025,Chile (CL)
Serverless,2021,Switzerland
Serverless,2022,Germany
Machine Learning,2022,Brazil
Network C&D,2022,United States of America
Serverless,2023,Hong Kong (S.A.R.)
Serverless,2020,Netherlands
Dev Tools,2021,Viet Nam
Serverless,2025,United Kingdom of Great Britain and Northern Ireland (GB)
Serverless,2025,Philippines (PH)
Machine Learning,2020,United Kingdom of Great Britain and Northern Ireland
Serverless,2025,Canada (CA)
Data,2023,India
Serverless,2021,New Zealand
Dev Tools,2020,United States of America
AI Engineering,2022,Poland
Containers,2024,Denmark
Serverless,2024,Australia
Cloud Operations,2020 beta,Canada
Cloud Operations,2022,Spain
Containers,2021,Spain
Data,2023,Hong Kong (S.A.R.)
Dev Tools,2024,Colombia
Dev Tools,2021,United States of America
Network C&D,2022,Nigeria
Security,2022,United Kingdom of Great Britain and Northern Ireland
Security,2020,Germany
Serverless,2024,United States of America
Serverless,2020,Mexico
Serverless,2023,Israel
Cloud Operations,2025,Egypt (EG)
Cloud Operations,2025,United States of America (US)
Security,2025,United States of America (US)
Serverless,2022,Germany
Serverless,2025,Italy (IT)
AI Engineering,2025,Netherlands (NL)
Machine Learning,2025,Poland (PL)
Security,2023,Philippines
AI Engineering,2025,United Kingdom of Great Britain and Northern Ireland (GB)
Dev Tools,2021,India
Cloud Operations,2022,United Kingdom of Great Britain and Northern Ireland
Dev Tools,2022,Germany
Containers,2025,India (IN)
Machine Learning,2022,Cameroon
Containers,2025,China (CN)
Dev Tools,2025,Kenya (KE)
Serverless,2025,United Kingdom of Great Britain and Northern Ireland (GB)
Dev Tools,2025,Uruguay (UY)
Network C&D,2024,United Kingdom of Great Britain and Northern Ireland
Cloud Operations,2025,United States of America (US)
Cloud Operations,2022,Indonesia
AI Engineering,2025,Germany (DE)
Data,2023,United States of America
Dev Tools,2023,United States of America
Dev Tools,2022,Nepal
Machine Learning,2025,United States of America (US)
Dev Tools,2023,Nigeria
AI Engineering,2024,United States of America
Network C&D,2022,South Africa
Security,2025,India (IN)
Network C&D,2024,India
Data,2025,United States of America (US)
Containers,2025,India (IN)
Data,2025,Germany (DE)
Machine Learning,2021,India
Cloud Operations,2024,Costa Rica
Dev Tools,2023,Peru
Containers,2023,Nepal
Dev Tools,2022,Nigeria
Machine Learning,2023,Hong Kong (S.A.R.)
Network C&D,2024,Spain
AI Engineering,2025,France (FR)
Dev Tools,2022,Sri Lanka
Network C&D,2025,Sri Lanka (LK)
Data,2023,United Arab Emirates
Machine Learning,2023,Greece
Cloud Operations,2023,India
Containers,2024,New Zealand
Dev Tools,2025,India (IN)
Cloud Operations,2023,Sri Lanka
Cloud Operations,2025,United States of America (US)
Dev Tools,2021,Nepal
Data,2021,United States of America
Containers,2025,United Kingdom of Great Britain and Northern Ireland (GB)
Serverless,2023,Ireland
Cloud Operations,2022,India
Security,2023,India
Cloud Operations,2025,Nepal (NP)
Dev Tools,2023,India
Serverless,2025,Sri Lanka (LK)
Cloud Operations,2024,Austria
Containers,2025,Australia (AU)
Serverless,2025,Republic of Korea (KR)
Containers,2025,Thailand (TH)
Containers,2022,Brazil
AI Engineering,2025,United Arab Emirates (AE)
Security,2025,India (IN)
Data,2022,United States of America
Serverless,2022,Singapore
Security,2022,United States of America
Containers,2021,Indonesia
Cloud Operations,2020,United States of America
Dev Tools,2025,Ireland (IE)
Serverless,2022,Bulgaria
Dev Tools,2023,Poland
Machine Learning,2020,United Kingdom of Great Britain and Northern Ireland
Cloud Operations,2022,Peru
Network C&D,2025,Angola (AO)
Serverless,2021,Netherlands
Serverless,2021,Ecuador
Containers,2022,Brazil
Security,2025,Romania (RO)
Cloud Operations,2025,United States of America (US)
Machine Learning,2025,Canada (CA)
Dev Tools,2021,Philippines
Serverless,2025,Kenya (KE)
Data,2021,Russian Federation
Data,2025,United States of America (US)
Security,2025,United States of America (US)
Network C&D,2025,Armenia (AM)
Serverless,2025,Netherlands (NL)
Serverless,2022,Colombia
Serverless,2022,Sweden
Network C&D,2025,Mexico (MX)
Dev Tools,2024,Germany
Security,2023,United States of America
Containers,2020,Mexico
Serverless,2025,Italy (IT)
Cloud Operations,2025,Poland (PL)
Serverless,2023,Switzerland
Data,2024,Ghana
Cloud Operations,2025,Ghana (GH)
Security,2025,Panama (PA)
Data,2023,Germany
Serverless,2022,Turkey
Machine Learning,2022,Turkey
Containers,2025,Germany (DE)
Machine Learning,2021,Turkey
Dev Tools,2024,Brazil
Data,2023,Netherlands
Serverless,2024,Italy
Serverless,2022,United Kingdom of Great Britain and Northern Ireland
Cloud Operations,2022,Mexico
Network C&D,2022,Turkey
Cloud Operations,2025,Romania (RO)
Cloud Operations,2023,China
Data,2023,Taiwan
Dev Tools,2023,France
Network C&D,2023,United States of America
Security,2021,Italy
Security,2022,United States of America
Dev Tools,2025,Guatemala (GT)
Containers,2024,Ecuador
Dev Tools,2025,Norway (NO)
Cloud Operations,2022,Switzerland
Cloud Operations,2023,United States of America
Security,2023,United Kingdom of Great Britain and Northern Ireland
AI Engineering,2025,United States of America (US)
Containers,2022,Romania
Network C&D,2023,Guatemala
Serverless,2023,Egypt
Network C&D,2024,United States of America
Security,2025,Republic of Korea (KR)
Security,2023,United States of America
Data,2023,Kenya
Containers,2025,United Kingdom of Great Britain and Northern Ireland (GB)
AI Engineering,2025,Mexico (MX)
Dev Tools,2025,Germany (DE)
Dev Tools,2021,Netherlands
Cloud Operations,2021,Uruguay
Security,2020,Israel
Containers,2025,Nigeria (NG)
Data,2025,Chile (CL)
Serverless,2025,United Kingdom of Great Britain and Northern Ireland (GB)
Serverless,2023,Italy
Containers,2025,Brazil (BR)
Serverless,2022,Germany
Containers,2023,Egypt
Cloud Operations,2022,Egypt
Data,2020,Australia
Machine Learning,2022,United Kingdom of Great Britain and Northern Ireland
Data,2025,Nigeria (NG)
Containers,2025,Pakistan (PK)
Containers,2021,Italy
Network C&D,2021,Nigeria
Serverless,2025,Nigeria (NG)
Data,2025,Malaysia (MY)
Containers,2025,Pakistan (PK)
Machine Learning,2025,Pakistan (PK)
AI Engineering,2025,Kenya (KE)
Network C&D,2023,United States of America
AI Engineering,2025,Pakistan (PK)
Serverless,2025,Indonesia (ID)
Serverless,2025,Malaysia (MY)
Dev Tools,2023,Palestine
AI Engineering,2023,Pakistan
Serverless,2022,Netherlands
Serverless,2022,Bangladesh
Dev Tools,2022,Turkey
Dev Tools,2022,Nigeria
Machine Learning,2025,Nigeria (NG)
Cloud Operations,2023,India
Cloud Operations,2022,Sri Lanka
Data,2025,United Kingdom of Great Britain and Northern Ireland (GB)
Dev Tools,2025,Sri Lanka (LK)
Dev Tools,2021,Brazil
Security,2022,United States of America
Serverless,2024,Germany
Data,2022,Uruguay
Data,2024,Kenya
Machine Learning,2025,Nigeria (NG)
Serverless,2025,Kenya (KE)
Cloud Operations,2025,United States of America (US)
Data,2021,United States of America
Dev Tools,2021,Brazil
Security,2022,United States of America
AI Engineering,2025,Chile (CL)
Machine Learning,2025,Indonesia (ID)
Containers,2025,Indonesia (ID)
Network C&D,2025,United Kingdom of Great Britain and Northern Ireland (GB)
Cloud Operations,2025,Poland (PL)
Serverless,2021,Brazil
Security,2025,United States of America (US)
Serverless,2025,Germany (DE)
Containers,2025,Romania (RO)
Serverless,2024,Germany
Network C&D,2020,Brazil
Serverless,2025,Cameroon (CM)
Security,2024,Nigeria
Serverless,2025,Italy (IT)
Containers,2022,Mexico
Dev Tools,2025,Kenya (KE)
Machine Learning,2025,Ghana (GH)
Machine Learning,2022,Germany
Serverless,2025,France (FR)
Dev Tools,2025,Colombia (CO)
Cloud Operations,2022,Ecuador
Cloud Operations,2022,Nigeria
Dev Tools,2024,Taiwan
Cloud Operations,2022,Nigeria
Containers,2023,Japan
Containers,2025,Poland (PL)
Cloud Operations,2022,United Kingdom of Great Britain and Northern Ireland
Network C&D,2022,Portugal
Security,2022,Hong Kong (S.A.R.)
Serverless,2024,Ecuador
Data,2025,United States of America (US)
Network C&D,2025,France (FR)
AI Engineering,2020,United Kingdom of Great Britain and Northern Ireland
Dev Tools,2021,India
Security,2024,India
Dev Tools,2024,Italy
Network C&D,2025,United Kingdom of Great Britain and Northern Ireland (GB)
Cloud Operations,2023,India
Containers,2023,India
Data,2023,United States of America
Data,2023,India
Machine Learning,2023,India
Security,2024,Israel
Containers,2023,India
Serverless,2025,Nigeria (NG)
Serverless,2025,Italy (IT)
Serverless,2023,New Zealand
Security,2023,Mexico
Serverless,2025,Japan (JP)
Cloud Operations,2024,New Zealand
Containers,2020,Canada
Cloud Operations,2024,Czech Republic
Cloud Operations,2025,United States of America (US)
Network C&D,2025,Georgia (GE)
Serverless,2025,Japan (JP)
Dev Tools,2021,United Kingdom of Great Britain and Northern Ireland
Security,2023,Australia
Machine Learning,2024,Mexico
Security,2021,Colombia
Serverless,2021,Costa Rica
Dev Tools,2020,Germany
Dev Tools,2021,Philippines
Data,2023,Italy
Machine Learning,2020,Italy
Serverless,2025,Viet Nam (VN)
Machine Learning,2022,Nigeria
Containers,2025,India (IN)
Machine Learning,2022,Nigeria
Serverless,2022,Belize
Containers,2025,Georgia (GE)
Serverless,2025,Italy (IT)
Serverless,2025,Italy (IT)
Serverless,2022,Canada
Serverless,2025,United States of America (US)
AI Engineering,2022,Singapore
Machine Learning,2021,Germany
Machine Learning,2025,Bangladesh (BD)
Dev Tools,2022,Nigeria
Security,2024,Nigeria
Cloud Operations,2024,India
Dev Tools,2022,India
AI Engineering,2025,India (IN)
Data,2020 beta,United States of America
Cloud Operations,2022,Australia
Security,2025,United States of America (US)
Serverless,2025,Poland (PL)
Serverless,2024,Italy
Security,2023,Brazil
Serverless,2025,United Kingdom of Great Britain and Northern Ireland (GB)
Serverless,2020,France
Serverless,2022,Argentina
Network C&D,2025,Singapore (SG)
Dev Tools,2025,Canada (CA)
Dev Tools,2023,Colombia
Serverless,2024,Brazil
Serverless,2020,Germany
AI Engineering,2025,Bolivia (BO)
Dev Tools,2024,Cameroon
Containers,2025,Viet Nam (VN)
Security,2025,Norway (NO)
AI Engineering,2025,United Arab Emirates (AE)
Machine Learning,2023,Malaysia
AI Engineering,2025,United Arab Emirates (AE)
Data,2024,Japan
Data,2024,United Arab Emirates
Security,2022,United Arab Emirates
Serverless,2025,Oman (OM)
AI Engineering,2025,Saudi Arabia (SA)
Containers,2022,Jordan
Machine Learning,2020,Pakistan
Cloud Operations,2023,United Arab Emirates
Serverless,2023,Viet Nam
AI Engineering,2023,India
Dev Tools,2023,India
Security,2021,Netherlands
Network C&D,2024,United States of America
Serverless,2023,India
Serverless,2023,United Kingdom of Great Britain and Northern Ireland
Dev Tools,2022,Ghana
Serverless,2024,France
Serverless,2021,India
Security,2025,United States of America (US)
Serverless,2023,United States of America
Serverless,2025,India (IN)
AI Engineering,2025,India (IN)
Serverless,2025,India (IN)
Machine Learning,2023,India
Cloud Operations,2025,Netherlands (NL)
AI Engineering,2025,Japan (JP)
Containers,2025,Indonesia (ID)
Cloud Operations,2025,Pakistan (PK)
Machine Learning,2022,Pakistan
Dev Tools,2020,Japan
Security,2023,Japan
Serverless,2021,Uruguay
Security,2025,Mexico (MX)
AI Engineering,2025,El Salvador (SV)
Containers,2023,Myanmar
Network C&D,2023,Germany
Serverless,2025,South Africa (ZA)
Network C&D,2022,Indonesia
Machine Learning,2024,Hong Kong (S.A.R.)
Data,2025,Colombia (CO)
Machine Learning,2025,Indonesia (ID)
Serverless,2025,Ecuador (EC)
Containers,2025,Canada (CA)
Security,2025,Japan (JP)
Data,2023,Japan
Serverless,2025,Japan (JP)
Serverless,2023,Japan
AI Engineering,2025,Japan (JP)
AI Engineering,2025,Viet Nam (VN)
Dev Tools,2022,Kenya
Security,2025,Zimbabwe (ZW)
Network C&D,2025,India (IN)
Cloud Operations,2024,Japan
Serverless,2025,Japan (JP)
Security,2024,Japan
Serverless,2022,Japan
Network C&D,2024,New Zealand
Serverless,2025,United Kingdom of Great Britain and Northern Ireland (GB)
Cloud Operations,2024,Myanmar
Containers,2025,Viet Nam (VN)
Dev Tools,2024,Armenia
Cloud Operations,2025,Armenia (AM)
Security,2025,Taiwan (TW)
Cloud Operations,2025,Myanmar (MM)
Containers,2023,Poland
Data,2022,Canada
Security,2024,Taiwan
Machine Learning,2025,Viet Nam (VN)
Dev Tools,2025,Germany (DE)
Dev Tools,2022,Sri Lanka
Security,2024,Lebanon
Cloud Operations,2025,Viet Nam (VN)
AI Engineering,2025,Viet Nam (VN)
Data,2023,Pakistan
Security,2023,Spain
Serverless,2025,United Kingdom of Great Britain and Northern Ireland (GB)
Containers,2025,Nigeria (NG)
Containers,2023,Pakistan
Dev Tools,2025,Tunisia (TN)
AI Engineering,2025,Indonesia (ID)
Containers,2021,United Arab Emirates
Serverless,2021,Finland
Security,2025,Ukraine (UA)
Serverless,2025,Philippines (PH)
Dev Tools,2025,United Kingdom of Great Britain and Northern Ireland (GB)
Network C&D,2025,Nigeria (NG)
AI Engineering,2024,Australia
Security,2024,Israel
Serverless,2023,Singapore
Security,2022,Nigeria
Network C&D,2023,Canada
Cloud Operations,2023,Sri Lanka
Serverless,2020,Turkey
Serverless,2022,Spain
Serverless,2023,Philippines
Cloud Operations,2025,Malaysia (MY)
Network C&D,2025,Netherlands (NL)
Serverless,2025,Georgia (GE)
Cloud Operations,2024,Taiwan
Machine Learning,2020,Israel
Serverless,2023,Switzerland
Security,2023,Ghana
Network C&D,2025,Ghana (GH)
Cloud Operations,2023,Nigeria
Dev Tools,2025,India (IN)
Machine Learning,2023,India
Containers,2025,India (IN)
Machine Learning,2024,United Kingdom of Great Britain and Northern Ireland
Cloud Operations,2023,Ireland
Serverless,2022,Spain
Network C&D,2025,Lithuania (LT)
Containers,2023,Netherlands
AI Engineering,2025,Nigeria (NG)
Network C&D,2023,Philippines
Serverless,2022,Poland
Serverless,2025,United Kingdom of Great Britain and Northern Ireland (GB)
Data,2022,Netherlands
Dev Tools,2022,Kenya
Containers,2024,South Korea
Network C&D,2022,South Korea
Machine Learning,2024,Poland
Data,2025,Sweden (SE)
Data,2024,Guatemala
Serverless,2023,Peru
Serverless,2025,United Kingdom of Great Britain and Northern Ireland (GB)
Cloud Operations,2023,Denmark
Containers,2023,Poland
Serverless,2023,Poland
AI Engineering,2025,United Kingdom of Great Britain and Northern Ireland (GB)
Cloud Operations,2023,United Kingdom of Great Britain and Northern Ireland
Security,2024,United States of America
Serverless,2023,Australia
Serverless,2022,Kenya
Serverless,2025,United Kingdom of Great Britain and Northern Ireland (GB)
Serverless,2022,United Kingdom of Great Britain and Northern Ireland
Cloud Operations,2025,United States of America (US)
Security,2024,Poland
Serverless,2025,Germany (DE)
Machine Learning,2020 beta,India
Data,2020 beta,Singapore
Serverless,2022,Germany
Data,2024,Peru
Machine Learning,2020,Italy
AI Engineering,2025,Philippines (PH)
Data,2025,India (IN)
Dev Tools,2023,Poland
Containers,2024,Poland
Cloud Operations,2022,Canada
Cloud Operations,2023,Australia
AI Engineering,2020 beta,United States of America
Dev Tools,2024,United States of America
Security,2023,United States of America
Serverless,2023,United States of America
Serverless,2020,United States of America
Machine Learning,2025,China (CN)
Cloud Operations,2022,Japan
Dev Tools,2025,India (IN)
Containers,2022,Spain
Serverless,2024,Peru
Serverless,2023,United Kingdom of Great Britain and Northern Ireland
Serverless,2025,Spain (ES)
AI Engineering,2025,Uzbekistan (UZ)
Data,2022,India
Data,2025,India (IN)
Security,2025,United Arab Emirates (AE)
Serverless,2020,India
Containers,2024,United States of America
Dev Tools,2020,France
Network C&D,2023,Brazil
Serverless,2025,Canada (CA)
Serverless,2025,France (FR)
Serverless,2022,France
Machine Learning,2025,Lebanon (LB)
Serverless,2021,United States of America
AI Engineering,2025,India (IN)
Security,2020,United States of America
Network C&D,2023,Philippines
Dev Tools,2020,United States of America
Containers,2024,Sweden
Cloud Operations,2025,Sweden (SE)
Machine Learning,2021,France
Security,2023,United States of America
Containers,2025,Slovenia (SI)
Serverless,2022,Netherlands
Dev Tools,2024,United States of America
Data,2023,Brazil
AI Engineering,2025,Netherlands (NL)
Serverless,2024,Colombia
Dev Tools,2025,Republic of Korea (KR)
Cloud Operations,2023,China
AI Engineering,2025,Singapore (SG)
AI Engineering,2023,South Korea
Serverless,2023,India
Cloud Operations,2023,United States of America
Serverless,2021,Indonesia
Serverless,2022,Hong Kong (S.A.R.)
Cloud Operations,2021,United States of America
Dev Tools,2023,South Korea
Machine Learning,2024,India
Security,2023,South Korea
Dev Tools,2022,Mexico
Serverless,2025,Poland (PL)
Data,2020 beta,United States of America
Serverless,2024,Ireland
Machine Learning,2020,Netherlands
Dev Tools,2022,Switzerland
AI Engineering,2022,United States of America
Dev Tools,2020,Germany
Serverless,2025,United Kingdom of Great Britain and Northern Ireland (GB)
Cloud Operations,2022,United Kingdom of Great Britain and Northern Ireland
Data,2020 beta,United States of America
Data,2023,Spain
Dev Tools,2024,Germany
AI Engineering,2022,United States of America
Network C&D,2024,New Zealand
Security,2022,United States of America
Serverless,2022,United Kingdom of Great Britain and Northern Ireland
Serverless,2025,Hong Kong (HK)
AI Engineering,2023,Hong Kong (S.A.R.)
Machine Learning,2023,Singapore
Serverless,2021,Philippines
Cloud Operations,2023,United States of America
Machine Learning,2020,Philippines
Security,2022,United States of America
Serverless,2023,Singapore
Data,2023,Brazil
Serverless,2023,United Kingdom of Great Britain and Northern Ireland
Containers,2025,Ghana (GH)
Serverless,2025,Sweden (SE)
AI Engineering,2025,Cameroon (CM)
Serverless,2023,United States of America
Machine Learning,2022,Spain
Machine Learning,2021,United States of America
Serverless,2023,Colombia
Security,2025,Peru (PE)
Serverless,2025,United States of America (US)
Serverless,2022,Netherlands
Containers,2023,El Salvador
Dev Tools,2023,Spain
Dev Tools,2024,Mexico
AI Engineering,2022,Australia
Serverless,2021,Argentina
Cloud Operations,2025,Canada (CA)
Data,2025,Peru (PE)
Machine Learning,2025,Mexico (MX)
Cloud Operations,2021,France
Containers,2024,United States of America
Security,2024,United States of America
Security,2022,United States of America
Serverless,2025,Canada (CA)
Containers,2025,Nigeria (NG)
Security,2025,United Arab Emirates (AE)
Machine Learning,2024,Canada
Cloud Operations,2025,United States of America (US)
Cloud Operations,2023,United States of America
AI Engineering,2025,South Africa (ZA)
Network C&D,2025,Netherlands (NL)
Serverless,2025,United Kingdom of Great Britain and Northern Ireland (GB)
Serverless,2025,Lebanon (LB)
Machine Learning,2020 beta,Finland
Machine Learning,2025,South Africa (ZA)
Dev Tools,2025,United Kingdom of Great Britain and Northern Ireland (GB)
Containers,2023,Colombia
Security,2023,Brazil
Cloud Operations,2023,United States of America
Security,2025,United States of America (US)
Security,2024,Poland
Dev Tools,2023,Germany
Dev Tools,2023,Colombia
Dev Tools,2022,Brazil
Serverless,2025,France (FR)
Data,2025,Ecuador (EC)
Cloud Operations,2024,Japan
Security,2025,Taiwan (TW)
Cloud Operations,2024,China
AI Engineering,2022,United States of America
Serverless,2021,United States of America
Serverless,2024,Peru
AI Engineering,2025,Poland (PL)
Serverless,2021,Sri Lanka
Containers,2025,T√ºrkiye / Turkey (TR)
Containers,2025,Nepal (NP)
Dev Tools,2024,Japan
Serverless,2025,Japan (JP)
Security,2022,Nigeria
Serverless,2025,India (IN)
Security,2025,Australia (AU)
Security,2022,United States of America
Machine Learning,2024,Australia
Security,2025,Japan (JP)
Serverless,2025,Japan (JP)
Security,2023,India
Cloud Operations,2024,Japan
Machine Learning,2024,United States of America
AI Engineering,2025,India (IN)
Data,2025,India (IN)
Dev Tools,2022,India
Data,2023,Kenya
Serverless,2025,Kenya (KE)
Machine Learning,2021,Egypt
Cloud Operations,2020,Norway
Cloud Operations,2023,United Kingdom of Great Britain and Northern Ireland
Data,2022,Thailand
Security,2022,Slovakia
AI Engineering,2025,India (IN)
Containers,2020,India
AI Engineering,2025,Canada (CA)
AI Engineering,2025,India (IN)
Dev Tools,2025,India (IN)
Dev Tools,2025,Pakistan (PK)
AI Engineering,2025,India (IN)
Cloud Operations,2025,India (IN)
Serverless,2023,New Zealand
Cloud Operations,2025,United States of America (US)
Network C&D,2021,Poland
Data,2025,United Kingdom of Great Britain and Northern Ireland (GB)
Dev Tools,2025,Australia (AU)
Dev Tools,2023,United States of America
Cloud Operations,2023,Japan
Containers,2022,Myanmar
Serverless,2025,Sri Lanka (LK)
Serverless,2022,Sri Lanka
Serverless,2023,Sri Lanka
AI Engineering,2025,Sri Lanka (LK)
Serverless,2023,India
Serverless,2025,India (IN)
Dev Tools,2025,Japan (JP)
Dev Tools,2022,Philippines
Network C&D,2025,United States of America (US)
Cloud Operations,2024,Japan
AI Engineering,2024,Japan
Dev Tools,2024,Japan
Dev Tools,2022,Japan
Network C&D,2022,India
Serverless,2023,Japan
Dev Tools,2025,Japan (JP)
Dev Tools,2025,Kenya (KE)
Serverless,2022,Nigeria
Data,2023,United States of America
Machine Learning,2023,United Kingdom of Great Britain and Northern Ireland
Security,2024,India
Cloud Operations,2023,Germany
Serverless,2022,Turkey
Containers,2024,Cameroon
Security,2023,Sri Lanka
Machine Learning,2023,Hong Kong (S.A.R.)
AI Engineering,2025,Hong Kong (HK)
Containers,2025,Brazil (BR)
Dev Tools,2022,Japan
Serverless,2022,Japan
Network C&D,2020,Japan
Security,2020,Germany
Dev Tools,2022,Nigeria
Dev Tools,2025,United States of America (US)
Serverless,2025,Kenya (KE)
Machine Learning,2024,Hong Kong (S.A.R.)
Cloud Operations,2023,Japan
Cloud Operations,2024,Japan
Dev Tools,2021,Japan
Dev Tools,2025,Japan (JP)
Security,2025,France (FR)
Security,2022,Netherlands
Serverless,2021,Sri Lanka
AI Engineering,2022,Kenya
Machine Learning,2024,Taiwan
Serverless,2023,Ecuador
Serverless,2024,Kenya
Serverless,2025,Canada (CA)
Containers,2022,Viet Nam
Serverless,2025,Viet Nam (VN)
Cloud Operations,2024,Bangladesh
Dev Tools,2023,Egypt
Data,2025,Egypt (EG)
Dev Tools,2025,United States of America (US)
Data,2023,Viet Nam
Data,2025,Viet Nam (VN)
Containers,2025,India (IN)
Data,2023,Viet Nam
Dev Tools,2021,Japan
Containers,2025,Taiwan (TW)
Security,2025,India (IN)
Containers,2025,United Kingdom of Great Britain and Northern Ireland (GB)
Machine Learning,2023,India
Data,2025,Nepal (NP)
Dev Tools,2025,Pakistan (PK)
AI Engineering,2025,Australia (AU)
Security,2025,Poland (PL)
Serverless,2025,Poland (PL)
Serverless,2021,Nepal
Serverless,2025,India (IN)
Data,2025,Japan (JP)
Network C&D,2025,Japan (JP)
Serverless,2025,New Zealand (NZ)
Serverless,2023,Japan
Security,2023,United Kingdom of Great Britain and Northern Ireland
Dev Tools,2023,Japan
Network C&D,2022,Japan
Containers,2024,Japan
Containers,2023,Japan
Serverless,2023,United States of America
Security,2024,Netherlands
Dev Tools,2022,Nigeria
Cloud Operations,2025,United Kingdom of Great Britain and Northern Ireland (GB)
Containers,2024,Japan
Serverless,2021,Japan
Serverless,2025,Japan (JP)
Dev Tools,2025,India (IN)
Data,2025,Thailand (TH)
Dev Tools,2023,Canada
Dev Tools,2020 beta,United States of America
Security,2022,India
Network C&D,2023,Armenia
Containers,2025,India (IN)
AI Engineering,2023,Poland
Machine Learning,2024,Malaysia
Data,2024,South Africa
Cloud Operations,2023,Singapore
AI Engineering,2025,Japan (JP)
Network C&D,2024,United Arab Emirates
Security,2025,Netherlands (NL)
Data,2021,Philippines
Cloud Operations,2025,Philippines (PH)
AI Engineering,2023,United States of America
Security,2022,Sri Lanka
Cloud Operations,2025,Nepal (NP)
Security,2025,United Arab Emirates (AE)
Serverless,2020,Ireland
Data,2025,India (IN)
AI Engineering,2025,United States of America (US)
Machine Learning,2023,Germany
Serverless,2020,Sweden
Containers,2022,Sri Lanka
AI Engineering,2025,Hungary (HU)
Network C&D,2024,United Kingdom of Great Britain and Northern Ireland
Data,2025,United States of America (US)
Security,2020,Cambodia
Containers,2025,United States of America (US)
Dev Tools,2025,United States of America (US)
Containers,2022,Brazil
Dev Tools,2022,Viet Nam
Cloud Operations,2023,United States of America
Serverless,2023,United Kingdom of Great Britain and Northern Ireland
Dev Tools,2022,China
Dev Tools,2020,United States of America
Serverless,2025,Germany (DE)
Network C&D,2022,Indonesia
AI Engineering,2023,Canada
Machine Learning,2024,Philippines
Cloud Operations,2022,Brazil
Containers,2024,Israel
Dev Tools,2024,Kenya
Machine Learning,2020,Sweden
Dev Tools,2025,United States of America (US)
Serverless,2024,New Zealand
Serverless,2025,South Africa (ZA)
Security,2025,India (IN)
Containers,2023,Viet Nam
Cloud Operations,2025,Thailand (TH)
Serverless,2024,Peru
Data,2025,Indonesia (ID)
Security,2022,Israel
Data,2025,Brazil (BR)
Dev Tools,2022,Switzerland
Security,2024,United States of America
Security,2023,Ghana
Cloud Operations,2022,United Arab Emirates
Containers,2021,Belgium
Serverless,2024,Spain
Serverless,2020,United Kingdom of Great Britain and Northern Ireland
Serverless,2025,Australia (AU)
Cloud Operations,2021,China
Serverless,2025,Colombia (CO)
Cloud Operations,2023,Romania
Cloud Operations,2020,Romania
Dev Tools,2023,Australia
Network C&D,2025,Kenya (KE)
Data,2024,Peru
Dev Tools,2023,Brazil
Network C&D,2022,Spain
Network C&D,2024,Brazil
Security,2023,Brazil
Serverless,2022,United Kingdom of Great Britain and Northern Ireland
Serverless,2025,United Kingdom of Great Britain and Northern Ireland (GB)
Containers,2021,Nigeria
Dev Tools,2021,Indonesia
Serverless,2022,Netherlands
A,2024,Slovakia
Machine Learning,2023,Kenya
Machine Learning,2023,Singapore
Cloud Operations,2024,China
Containers,2022,Bangladesh
Cloud Operations,2025,Germany (DE)
Containers,2022,Sri Lanka
Cloud Operations,2021,Netherlands
Dev Tools,2023,Canada
Serverless,2025,India (IN)
Serverless,2025,Sri Lanka (LK)
Data,2022,Mexico
Cloud Operations,2025,United States of America (US)
Containers,2025,United Kingdom of Great Britain and Northern Ireland (GB)
Data,2022,India
Network C&D,2025,India (IN)
Dev Tools,2023,United Arab Emirates
Data,2025,Egypt (EG)
Network C&D,2025,United Arab Emirates (AE)
Data,2025,Pakistan (PK)
Containers,2025,Australia (AU)
Security,2025,Japan (JP)
Dev Tools,2025,United States of America (US)
Serverless,2024,Germany
Containers,2025,Brazil (BR)
Dev Tools,2023,United States of America
Serverless,2023,United Arab Emirates
Data,2024,Kenya
Dev Tools,2024,Japan
Serverless,2023,Singapore
Serverless,2025,Netherlands (NL)
Dev Tools,2025,Germany (DE)
Cloud Operations,2025,Senegal (SN)
Network C&D,2025,Sweden (SE)
Security,2023,United Kingdom of Great Britain and Northern Ireland
Data,2025,United States of America (US)
Security,2023,Kenya
Security,2025,Japan (JP)
Data,2025,India (IN)
Machine Learning,2021,United Kingdom of Great Britain and Northern Ireland
Containers,2025,India (IN)
Cloud Operations,2023,India
Network C&D,2024,India
Data,2025,United Kingdom of Great Britain and Northern Ireland (GB)
Containers,2024,India
Serverless,2023,Australia
Serverless,2025,India (IN)
Dev Tools,2023,India
Dev Tools,2024,Portugal
Serverless,2023,Spain
Security,2025,Mexico (MX)
Cloud Operations,2025,Germany (DE)
Serverless,2025,Germany (DE)
Dev Tools,2022,Sri Lanka
Serverless,2022,Canada
Serverless,2025,Canada (CA)
AI Engineering,2025,Lebanon (LB)
Containers,2021,Brazil
Containers,2021,United Kingdom of Great Britain and Northern Ireland
Network C&D,2021,Japan
Security,2022,United Kingdom of Great Britain and Northern Ireland
Serverless,2022,United Kingdom of Great Britain and Northern Ireland
Cloud Operations,2025,Mexico (MX)
Data,2022,Peru
Network C&D,2023,Brazil
Serverless,2023,Brazil
Containers,2022,Sweden
Containers,2023,Sweden
Security,2021,Czech Republic
Dev Tools,2022,Peru
Network C&D,2022,Poland
Network C&D,2023,United States of America
Security,2023,Argentina
AI Engineering,2025,Colombia (CO)
Cloud Operations,2022,United Kingdom of Great Britain and Northern Ireland
Containers,2025,United Kingdom of Great Britain and Northern Ireland (GB)
Security,2025,Mexico (MX)
Cloud Operations,2025,France (FR)
Serverless,2025,United Kingdom of Great Britain and Northern Ireland (GB)
Serverless,2021,Montenegro
Dev Tools,2021,Mexico
Security,2024,Peru
Cloud Operations,2025,Colombia (CO)
Containers,2021,United States of America
Dev Tools,2022,United Kingdom of Great Britain and Northern Ireland
Dev Tools,2022,Kenya
Dev Tools,2021,United Kingdom of Great Britain and Northern Ireland
AI Engineering,2020,Hungary
Security,2024,New Zealand
Network C&D,2025,Netherlands (NL)
Serverless,2022,Serbia
Serverless,2024,Slovakia
Containers,2025,United Kingdom of Great Britain and Northern Ireland (GB)
Cloud Operations,2022,Finland
Cloud Operations,2022,Bulgaria
Containers,2022,Germany
Machine Learning,2020 beta,United States of America
Serverless,2022,Germany
AI Engineering,2025,Argentina (AR)
Security,2025,Argentina (AR)
Serverless,2024,Sweden
Security,2023,United States of America
Serverless,2023,United Kingdom of Great Britain and Northern Ireland
Dev Tools,2020,Palestinian Territory
Security,2025,United States of America (US)
Dev Tools,2025,Japan (JP)
Dev Tools,2022,Japan
Serverless,2024,Japan
Serverless,2023,Japan
Dev Tools,2025,Japan (JP)
AI Engineering,2025,Japan (JP)
Cloud Operations,2021,Japan
Dev Tools,2022,Japan
Dev Tools,2025,Japan (JP)
Machine Learning,2021,Japan
Dev Tools,2025,Netherlands (NL)
Serverless,2021,Poland
Machine Learning,2024,Germany
Security,2023,Brazil
Serverless,2025,Netherlands (NL)
Serverless,2025,Malta (MT)
Containers,2025,India (IN)
AI Engineering,2021,Argentina
Containers,2025,Argentina (AR)
Containers,2025,Argentina (AR)
Containers,2020,United States of America
Dev Tools,2020,United States of America
Machine Learning,2023,France
Serverless,2023,United Kingdom of Great Britain and Northern Ireland
Serverless,2024,United States of America
Serverless,2020,United States of America
Containers,2022,Italy
Data,2020,United Kingdom of Great Britain and Northern Ireland
Network C&D,2023,United States of America
Serverless,2022,Australia
Serverless,2022,United Kingdom of Great Britain and Northern Ireland
Serverless,2020,Australia
Machine Learning,2022,Switzerland
Serverless,2021,Canada
Serverless,2021,Germany
Dev Tools,2023,Ghana
Machine Learning,2023,Cameroon
Security,2025,India (IN)
Machine Learning,2025,United States of America (US)
Network C&D,2025,Congo (CD)
Containers,2023,Japan
Containers,2022,Bangladesh
Machine Learning,2021,Bangladesh
Security,2023,United States of America
Serverless,2023,Bangladesh
Serverless,2023,Bangladesh
Serverless,2022,Bangladesh
Serverless,2025,Malaysia (MY)
Machine Learning,2022,Bangladesh
Security,2025,United States of America (US)
Dev Tools,2025,United States of America (US)
Security,2022,Turkey
Containers,2021,India
Data,2021,Indonesia
Security,2020,France
Containers,2025,United Kingdom of Great Britain and Northern Ireland (GB)
Cloud Operations,2025,Norway (NO)
Machine Learning,2021,Pakistan
Serverless,2022,Lebanon
Security,2025,United States of America (US)
Containers,2023,Nigeria
Containers,2024,United States of America
Data,2024,United States of America
Dev Tools,2022,United States of America
Security,2022,United States of America
Security,2023,Austria
Serverless,2020,Japan
Serverless,2025,Nigeria (NG)
Serverless,2025,Australia (AU)
Security,2025,United States of America (US)
Security,2025,United States of America (US)
Containers,2023,Slovakia
Security,2023,Poland
Serverless,2021,Poland
Serverless,2024,Czech Republic
Serverless,2025,India (IN)
Cloud Operations,2022,United Kingdom of Great Britain and Northern Ireland
Containers,2022,Spain
Network C&D,2023,Spain
Serverless,2024,United States of America
Data,2025,Latvia (LV)
Cloud Operations,2021,Hungary
Dev Tools,2025,Netherlands (NL)
Cloud Operations,2021,United States of America
Containers,2025,United States of America (US)
Serverless,2024,Czech Republic
Security,2024,Japan
Machine Learning,2023,Germany
Cloud Operations,2021,Bangladesh
AI Engineering,2025,Republic of Korea (KR)
Data,2022,South Korea
Dev Tools,2023,Japan
Serverless,2022,Japan
Data,2024,Bangladesh
Cloud Operations,2025,Japan (JP)
Dev Tools,2023,Pakistan
Data,2022,Lebanon
Dev Tools,2021,Lebanon
Containers,2023,Sri Lanka
Containers,2023,Sri Lanka
Machine Learning,2021,Egypt
Serverless,2021,Germany
Serverless,2025,Egypt (EG)
Network C&D,2025,Morocco (MA)
Data,2025,Egypt (EG)
Network C&D,2025,Netherlands (NL)
Serverless,2025,Egypt (EG)
Containers,2022,Pakistan
Machine Learning,2025,Pakistan (PK)
Serverless,2025,Lebanon (LB)
Serverless,2020 beta,India
Serverless,2025,Nigeria (NG)
Network C&D,2023,India
Network C&D,2024,India
Serverless,2025,India (IN)
Cloud Operations,2025,Australia (AU)
Containers,2021,India
Serverless,2025,India (IN)
Containers,2025,Thailand (TH)
Network C&D,2023,Mexico
Machine Learning,2024,United Kingdom of Great Britain and Northern Ireland
Cloud Operations,2023,Kenya
Dev Tools,2025,Republic of Korea (KR)
Cloud Operations,2025,Egypt (EG)
Security,2024,Canada
Security,2025,Nigeria (NG)
Dev Tools,2025,Tunisia (TN)
Serverless,2025,Germany (DE)
Network C&D,2025,South Africa (ZA)
Data,2025,United States of America (US)
Dev Tools,2023,Saudi Arabia
Containers,2023,Pakistan
Data,2021,Pakistan
Data,2023,Indonesia
AI Engineering,2023,United Arab Emirates
Dev Tools,2023,Pakistan
Dev Tools,2023,Netherlands
Dev Tools,2024,Pakistan
Dev Tools,2022,Pakistan
AI Engineering,2021,Pakistan
Machine Learning,2022,Nigeria
Security,2022,United States of America
Data,2025,Pakistan (PK)
Machine Learning,2025,Pakistan (PK)
Cloud Operations,2025,Indonesia (ID)
Machine Learning,2025,Singapore (SG)
Serverless,2025,Pakistan (PK)
Network C&D,2025,Pakistan (PK)
Containers,2023,India
Data,2021,Turkey
Network C&D,2023,Egypt
Containers,2023,India
Security,2024,India
AI Engineering,2025,Nepal (NP)
Cloud Operations,2023,India
Dev Tools,2023,United Kingdom of Great Britain and Northern Ireland
Dev Tools,2023,Turkey
Machine Learning,2021,Pakistan
Containers,2021,Turkey
Security,2025,United States of America (US)
AI Engineering,2021,India
Cloud Operations,2025,India (IN)
Containers,2022,United States of America
Security,2024,United States of America
Containers,2023,Poland
Containers,2025,India (IN)
Machine Learning,2023,Australia
Serverless,2025,United States of America (US)
Serverless,2022,Sri Lanka
Data,2025,Bangladesh (BD)
Containers,2021,India
Containers,2023,India
Security,2024,United Kingdom of Great Britain and Northern Ireland
Containers,2025,India (IN)
Network C&D,2025,Japan (JP)
Containers,2022,Argentina
Containers,2025,United Kingdom of Great Britain and Northern Ireland (GB)
Security,2025,United States of America (US)
Cloud Operations,2021,India
Cloud Operations,2023,India
Security,2025,Kenya (KE)
Network C&D,2022,United States of America
Machine Learning,2024,Japan
Dev Tools,2025,Japan (JP)
Serverless,2023,France
Network C&D,2025,United Kingdom of Great Britain and Northern Ireland (GB)
Serverless,2020,India
Dev Tools,2025,India (IN)
Dev Tools,2021,United Kingdom of Great Britain and Northern Ireland
Dev Tools,2025,New Zealand (NZ)
Cloud Operations,2024,United States of America
Machine Learning,2023,Nigeria
Dev Tools,2025,Thailand (TH)
Cloud Operations,2023,India
Cloud Operations,2023,India
Containers,2021,United States of America
Cloud Operations,2024,India
Cloud Operations,2020,United States of America
Serverless,2021,Bahamas
Cloud Operations,2025,United States of America (US)
Data,2023,United States of America
Data,2021,United States of America
Security,2025,United Kingdom of Great Britain and Northern Ireland (GB)
Cloud Operations,2023,India
Cloud Operations,2025,India (IN)
Cloud Operations,2023,United Kingdom of Great Britain and Northern Ireland
Serverless,2025,Philippines (PH)
AI Engineering,2025,United Kingdom of Great Britain and Northern Ireland (GB)
Dev Tools,2022,Philippines
Serverless,2025,Viet Nam (VN)
Network C&D,2025,Nigeria (NG)
Containers,2024,Viet Nam
Network C&D,2023,Viet Nam
Dev Tools,2022,Ireland
Security,2021,United States of America
Security,2022,United States of America
AI Engineering,2025,Singapore (SG)
Cloud Operations,2022,Netherlands
Security,2020,Denmark
Machine Learning,2025,Australia (AU)
Security,2025,New Zealand (NZ)
Serverless,2025,United Kingdom of Great Britain and Northern Ireland (GB)
Containers,2025,Chile (CL)
Serverless,2025,Italy (IT)
Containers,2021,Lebanon
Network C&D,2023,Argentina
Security,2025,Colombia (CO)
Dev Tools,2025,Malaysia (MY)
AI Engineering,2025,United States of America (US)
Containers,2025,United States of America (US)
Network C&D,2023,Philippines
Serverless,2025,India (IN)
Containers,2022,Ukraine
Serverless,2025,Canada (CA)
Containers,2025,Israel (IL)
Cloud Operations,2023,United Kingdom of Great Britain and Northern Ireland
Cloud Operations,2021,Finland
Dev Tools,2023,Finland
Serverless,2024,Germany
Security,2020,Bulgaria
Containers,2022,India
Data,2025,United States of America (US)
Serverless,2025,Nepal (NP)
Dev Tools,2023,India
Containers,2023,India
Serverless,2025,Nepal (NP)
Cloud Operations,2024,India
Serverless,2025,Nepal (NP)
Containers,2025,Ireland (IE)
Network C&D,2025,Sri Lanka (LK)
Containers,2024,Australia
Data,2025,United States of America (US)
Serverless,2022,Sri Lanka
Security,2025,Japan (JP)
Cloud Operations,2023,Japan
Security,2020,Kenya
Security,2021,Turkey
Containers,2021,Indonesia
Dev Tools,2023,South Africa
Security,2023,Sri Lanka
Dev Tools,2024,Nigeria
Serverless,2025,Chile (CL)
Dev Tools,2025,United Kingdom of Great Britain and Northern Ireland (GB)
Containers,2025,United States of America (US)
Dev Tools,2022,Nigeria
Machine Learning,2025,T√ºrkiye / Turkey (TR)
Containers,2025,Japan (JP)
Dev Tools,2025,United Kingdom of Great Britain and Northern Ireland (GB)
Dev Tools,2022,Nigeria
Network C&D,2025,Canada (CA)
Containers,2025,Nigeria (NG)
Machine Learning,2023,Nigeria
Machine Learning,2023,Japan
Containers,2025,Poland (PL)
Security,2022,Ukraine
Data,2024,Germany
Serverless,2024,Australia
Dev Tools,2025,France (FR)
Cloud Operations,2022,Nigeria
Serverless,2025,Nigeria (NG)
Containers,2022,Nigeria
Network C&D,2022,Nigeria
Network C&D,2022,United States of America
AI Engineering,2025,United States of America (US)
Containers,2022,Nigeria
Containers,2022,Nigeria
Dev Tools,2022,Nigeria
Serverless,2023,Nigeria
Machine Learning,2022,Nigeria
Containers,2022,United States of America
Dev Tools,2023,United Kingdom of Great Britain and Northern Ireland
Serverless,2024,France
Cloud Operations,2023,India
AI Engineering,2023,India
Network C&D,2022,Turkey
Network C&D,2022,Nigeria
Containers,2025,Israel (IL)
Security,2025,Israel (IL)
Serverless,2025,Israel (IL)
Security,2022,Israel
Network C&D,2025,Nigeria (NG)
Data,2022,Turkey
Data,2022,Jordan
Cloud Operations,2022,Brazil
Serverless,2022,Spain
Machine Learning,2025,Colombia (CO)
Serverless,2022,Nigeria
Network C&D,2025,Nigeria (NG)
Serverless,2023,Germany
Serverless,2025,Morocco (MA)
Dev Tools,2022,Turkey
Cloud Operations,2023,Turkey
Containers,2021,Argentina
Security,2023,Estonia
Cloud Operations,2025,Nigeria (NG)
Machine Learning,2020,Spain
Network C&D,2024,India
Dev Tools,2022,Sri Lanka
Data,2023,India
Data,2020,Bangladesh
Containers,2025,Sri Lanka (LK)
Serverless,2025,Germany (DE)
Cloud Operations,2023,Italy
Serverless,2022,Italy
Security,2021,United States of America
Network C&D,2025,Kenya (KE)
Cloud Operations,2025,Germany (DE)
Dev Tools,2022,Poland
Containers,2023,Singapore
Data,2024,United Kingdom of Great Britain and Northern Ireland
Machine Learning,2023,United States of America
Network C&D,2023,United Kingdom of Great Britain and Northern Ireland
Security,2022,United Kingdom of Great Britain and Northern Ireland
Serverless,2024,France
Containers,2025,United Kingdom of Great Britain and Northern Ireland (GB)
Cloud Operations,2025,Ghana (GH)
Network C&D,2023,Kenya
Cloud Operations,2022,Brazil
Network C&D,2020,Brazil
Security,2022,Brazil
Serverless,2025,Cyprus (CY)
AI Engineering,2025,India (IN)
AI Engineering,2025,India (IN)
Cloud Operations,2023,Poland
Dev Tools,2023,Germany
Security,2023,Poland
Serverless,2021,Germany
Serverless,2022,Finland
Cloud Operations,2022,Italy
Dev Tools,2023,United Kingdom of Great Britain and Northern Ireland
Dev Tools,2023,United States of America
Network C&D,2024,United States of America
Serverless,2022,Kenya
Cloud Operations,2023,Nigeria
Cloud Operations,2021,Finland
Serverless,2025,Kenya (KE)
Security,2025,Viet Nam (VN)
Network C&D,2025,Belgium (BE)
Machine Learning,2020,United Kingdom of Great Britain and Northern Ireland
Network C&D,2025,Brazil (BR)
Machine Learning,2023,Kenya
Network C&D,2023,Viet Nam
Security,2023,South Africa
Security,2025,Colombia (CO)
Serverless,2022,China
Cloud Operations,2024,Germany
Containers,2023,Poland
Serverless,2022,Poland
Serverless,2023,Poland
Containers,2022,Sri Lanka
Containers,2020,India
Security,2022,India
Containers,2021,Canada
Serverless,2025,Thailand (TH)
Machine Learning,2024,India
Dev Tools,2025,Nepal (NP)
Machine Learning,2025,India (IN)
Serverless,2023,India
Network C&D,2025,Thailand (TH)
Data,2020,India
Cloud Operations,2025,India (IN)
AI Engineering,2023,India
Serverless,2021,Singapore
Machine Learning,2023,India
Network C&D,2024,Canada
Serverless,2025,India (IN)
Cloud Operations,2025,India (IN)
Network C&D,2023,India
Serverless,2023,Sri Lanka
Containers,2025,India (IN)
Containers,2025,United Kingdom of Great Britain and Northern Ireland (GB)
Cloud Operations,2025,Nepal (NP)
Cloud Operations,2023,India
Data,2023,United States of America
Containers,2025,India (IN)
Containers,2025,Nepal (NP)
Data,2023,India
Containers,2025,India (IN)
Cloud Operations,2025,India (IN)
Dev Tools,2021,United States of America
Containers,2025,Australia (AU)
Containers,2025,India (IN)
Containers,2025,India (IN)
Cloud Operations,2023,Finland
Serverless,2021,Malaysia
Serverless,2023,India
Security,2025,India (IN)
Cloud Operations,2022,Sri Lanka
Security,2024,Netherlands
Containers,2025,Nigeria (NG)
Serverless,2022,Poland
Serverless,2021,Netherlands
Cloud Operations,2022,India
Serverless,2023,India
Containers,2020,South Korea
Machine Learning,2022,Pakistan
Serverless,2022,Pakistan
Serverless,2023,Japan
Machine Learning,2022,Nigeria
Cloud Operations,2023,Nepal
Network C&D,2025,Nepal (NP)
Serverless,2023,Poland
Serverless,2025,Malaysia (MY)
Dev Tools,2024,Spain
Serverless,2022,Brazil
Serverless,2022,United States of America
AI Engineering,2025,India (IN)
Machine Learning,2024,United States of America
Security,2024,India
Machine Learning,2024,India
Serverless,2025,India (IN)
Data,2022,India
Containers,2023,India
Cloud Operations,2020,India
Containers,2021,India
Data,2023,India
Dev Tools,2023,Finland
Security,2023,Australia
Serverless,2022,India
Serverless,2022,India
Serverless,2021,Australia
Serverless,2023,India
Data,2025,India (IN)
Serverless,2025,India (IN)
Serverless,2025,India (IN)
Cloud Operations,2023,Brazil
Containers,2023,India
Cloud Operations,2023,India
Serverless,2025,Nepal (NP)
Serverless,2025,India (IN)
Containers,2025,India (IN)
Serverless,2023,India
Data,2025,India (IN)
Cloud Operations,2025,Nepal (NP)
Security,2025,United States of America (US)
Dev Tools,2025,Netherlands (NL)
Security,2024,India
Security,2022,India
Serverless,2025,Netherlands (NL)
Cloud Operations,2025,United Kingdom of Great Britain and Northern Ireland (GB)
Dev Tools,2021,India
Security,2021,Singapore
Data,2024,Nepal
AI Engineering,2025,India (IN)
Containers,2025,United States of America (US)
Security,2024,New Zealand
Cloud Operations,2022,United Kingdom of Great Britain and Northern Ireland
Security,2024,United States of America
Data,2022,India
Serverless,2025,Sri Lanka (LK)
Data,2025,Netherlands (NL)
Dev Tools,2025,United Kingdom of Great Britain and Northern Ireland (GB)
AI Engineering,2025,Switzerland (CH)
Dev Tools,2022,Nigeria
Dev Tools,2022,United States of America
Serverless,2021,Brazil
Serverless,2024,Germany
Containers,2023,India
Serverless,2023,India
Dev Tools,2025,India (IN)
Containers,2025,Malaysia (MY)
Serverless,2023,India
Serverless,2022,Sweden
Security,2023,United Kingdom of Great Britain and Northern Ireland
Security,2024,United States of America
Dev Tools,2023,India
Serverless,2021,Singapore
Serverless,2025,United States of America (US)
Containers,2023,India
Dev Tools,2022,Iraq
AI Engineering,2025,Singapore (SG)
Network C&D,2025,United Kingdom of Great Britain and Northern Ireland (GB)
Security,2023,Australia
Network C&D,2025,Kenya (KE)
Serverless,2024,South Africa
Containers,2022,India
Serverless,2021,Australia
Machine Learning,2024,Australia
Containers,2025,United States of America (US)
AI Engineering,2025,Japan (JP)
Containers,2025,France (FR)
Machine Learning,2023,Hong Kong (S.A.R.)
Cloud Operations,2025,Canada (CA)
Cloud Operations,2023,Australia
AI Engineering,2021,Argentina
Serverless,2025,Netherlands (NL)
Data,2025,Germany (DE)
Security,2024,United States of America
Serverless,2023,United Kingdom of Great Britain and Northern Ireland
Serverless,2025,Nigeria (NG)
AI Engineering,2025,Taiwan (TW)
Cloud Operations,2023,Japan
Data,2020,Australia
AI Engineering,2025,United States of America (US)
Dev Tools,2020,Canada
Cloud Operations,2024,India
Serverless,2025,India (IN)
AI Engineering,2025,Nepal (NP)
Serverless,2025,India (IN)
Data,2025,India (IN)
Cloud Operations,2023,India
Containers,2024,India
Serverless,2025,Canada (CA)
Dev Tools,2021,Indonesia
Containers,2023,Belgium
Data,2020,Netherlands
Security,2023,Switzerland
Serverless,2022,United Kingdom of Great Britain and Northern Ireland
Serverless,2023,Netherlands
Serverless,2021,United States of America
Network C&D,2021,United Kingdom of Great Britain and Northern Ireland
Containers,2024,Brazil
Containers,2024,Brazil
Dev Tools,2022,Brazil
Serverless,2022,United States of America
Cloud Operations,2020,Indonesia
Security,2021,United States of America
Network C&D,2022,Nigeria
Containers,2021,India
Data,2023,Canada
Containers,2022,Portugal
Serverless,2023,Slovakia
Dev Tools,2025,Ukraine (UA)
Containers,2023,Philippines
AI Engineering,2025,India (IN)
Data,2024,Spain
Containers,2025,Albania (AL)
Machine Learning,2024,Australia
Network C&D,2025,Kenya (KE)
Security,2025,Nepal (NP)
Cloud Operations,2020,United States of America
Serverless,2025,United Kingdom of Great Britain and Northern Ireland (GB)
AI Engineering,2025,Netherlands (NL)
Security,2025,Israel (IL)
Security,2022,Australia
Dev Tools,2022,Spain
Cloud Operations,2024,Spain
Machine Learning,2025,Norway (NO)
Security,2025,United States of America (US)
Dev Tools,2025,United States of America (US)
AI Engineering,2025,Sri Lanka (LK)
Network C&D,2025,India (IN)
Serverless,2025,India (IN)
Dev Tools,2023,United Kingdom of Great Britain and Northern Ireland
Cloud Operations,2023,United States of America
Cloud Operations,2022,United Kingdom of Great Britain and Northern Ireland
Cloud Operations,2024,United States of America
Containers,2024,United States of America
AI Engineering,2022,United Kingdom of Great Britain and Northern Ireland
Serverless,2023,United Kingdom of Great Britain and Northern Ireland
Cloud Operations,2025,United States of America (US)
Serverless,2025,United States of America (US)
Network C&D,2025,Canada (CA)
Serverless,2025,United States of America (US)
Cloud Operations,2023,Japan
Cloud Operations,2023,Japan
Serverless,2025,Japan (JP)
Cloud Operations,2025,Japan (JP)
Machine Learning,2024,Japan
Network C&D,2023,Japan
Network C&D,2023,Japan
Serverless,2024,Japan
AI Engineering,2025,Japan (JP)
Containers,2022,United Arab Emirates
Serverless,2022,Israel
Cloud Operations,2025,Nepal (NP)
Containers,2025,Indonesia (ID)
Dev Tools,2022,India
Data,2025,Australia (AU)
Dev Tools,2023,United Kingdom of Great Britain and Northern Ireland
Containers,2025,United Kingdom of Great Britain and Northern Ireland (GB)
Network C&D,2023,South Korea
AI Engineering,2025,France (FR)
Containers,2022,India
Dev Tools,2023,Nepal
Serverless,2025,New Zealand (NZ)
Dev Tools,2023,Sri Lanka
Cloud Operations,2025,United Kingdom of Great Britain and Northern Ireland (GB)
Containers,2025,United States of America (US)
Cloud Operations,2020,Sweden
Containers,2024,Netherlands
AI Engineering,2025,United States of America (US)
Containers,2024,India
Network C&D,2023,Nepal
Security,2025,India (IN)
AI Engineering,2023,India
Machine Learning,2021,Pakistan
Dev Tools,2025,India (IN)
Serverless,2020,United Kingdom of Great Britain and Northern Ireland
Data,2025,Philippines (PH)
Data,2023,Kazakhstan
Security,2023,Cameroon
Dev Tools,2025,United Kingdom of Great Britain and Northern Ireland (GB)
Data,2022,United States of America
Containers,2023,Singapore
AI Engineering,2025,India (IN)
Cloud Operations,2025,Germany (DE)
Cloud Operations,2025,United Arab Emirates (AE)
Containers,2025,Pakistan (PK)
Cloud Operations,2025,Malaysia (MY)
Dev Tools,2024,United States of America
Machine Learning,2024,United States of America
Network C&D,2025,Nigeria (NG)
Security,2025,Spain (ES)
Serverless,2025,Portugal (PT)
Containers,2025,Hong Kong (HK)
Data,2022,Algeria
Data,2020,India
Dev Tools,2023,United States of America
AI Engineering,2025,India (IN)
Cloud Operations,2025,India (IN)
Containers,2025,Germany (DE)
Cloud Operations,2021,India
AI Engineering,2024,Colombia
Dev Tools,2020,South Korea
AI Engineering,2025,Republic of Korea (KR)
Containers,2023,South Korea
AI Engineering,2025,India (IN)
Data,2025,India (IN)
Data,2025,Sri Lanka (LK)
Data,2023,India
Security,2021,Australia
Security,2025,Nepal (NP)
Security,2025,India (IN)
Network C&D,2023,Malaysia
Containers,2021,Spain
Serverless,2023,Nepal
Security,2023,Singapore
Machine Learning,2025,India (IN)
Security,2025,India (IN)
Network C&D,2021,India
Machine Learning,2021,India
Cloud Operations,2023,India
Machine Learning,2022,India
Dev Tools,2023,Nepal
Cloud Operations,2025,United States of America (US)
Serverless,2022,India
Data,2025,Japan (JP)
Network C&D,2023,India
Serverless,2023,India
Serverless,2023,Nepal
Containers,2023,India
Containers,2025,India (IN)
Dev Tools,2024,United States of America
Security,2025,United States of America (US)
Data,2023,United States of America
Security,2023,Netherlands
Network C&D,2022,Poland
Serverless,2021,Sweden
Serverless,2025,Mexico (MX)
AI Engineering,2025,India (IN)
Data,2021,Australia
Machine Learning,2024,United States of America
Containers,2022,South Korea
Serverless,2024,South Korea
Containers,2025,Republic of Korea (KR)
Serverless,2025,Sweden (SE)
Data,2025,Luxembourg (LU)
Dev Tools,2021,Turkey
Containers,2025,Uzbekistan (UZ)
Serverless,2023,Uzbekistan
Network C&D,2024,Spain
Dev Tools,2025,United States of America (US)
Dev Tools,2021,Ukraine
Security,2023,United States of America
Serverless,2023,United States of America
Serverless,2025,Ghana (GH)
AI Engineering,2025,Republic of Korea (KR)
Cloud Operations,2024,South Korea
Cloud Operations,2023,Turkey
Security,2024,United States of America
Data,2021,United States of America
Serverless,2022,United States of America
Serverless,2025,India (IN)
Machine Learning,2024,United States of America
Serverless,2022,Pakistan
Dev Tools,2025,Israel (IL)
Containers,2021,India
Cloud Operations,2022,Nigeria
Network C&D,2022,United States of America
AI Engineering,2025,Finland (FI)
Data,2022,Bahrain
Network C&D,2025,Australia (AU)
Cloud Operations,2023,Pakistan
Network C&D,2021,India
AI Engineering,2025,Pakistan (PK)
Containers,2023,India
AI Engineering,2025,India (IN)
Containers,2024,Australia
Serverless,2025,Nigeria (NG)
Serverless,2025,Nigeria (NG)
Security,2022,Panama
Dev Tools,2023,Japan
Serverless,2022,Japan
Data,2025,Japan (JP)
AI Engineering,2025,Japan (JP)
Containers,2023,Japan
Cloud Operations,2025,Japan (JP)
Cloud Operations,2024,Japan
Serverless,2025,Japan (JP)
Cloud Operations,2021,Japan
Serverless,2023,Japan
Machine Learning,2022,India
Security,2024,Nigeria
Serverless,2025,Taiwan (TW)
Security,2025,India (IN)
Containers,2025,India (IN)
Network C&D,2025,India (IN)
Dev Tools,2025,India (IN)
Network C&D,2025,Japan (JP)
Network C&D,2025,India (IN)
Security,2025,Ireland (IE)
Serverless,2023,India
Security,2023,India
Machine Learning,2025,India (IN)
Serverless,2023,United States of America
Dev Tools,2022,India
Serverless,2025,India (IN)
Containers,2025,Ireland (IE)
Security,2023,Germany
Security,2025,Malaysia (MY)
Serverless,2025,Germany (DE)
Data,2025,Japan (JP)
Containers,2021,India
Serverless,2023,Sri Lanka
Security,2022,India
AI Engineering,2025,China (CN)
Dev Tools,2023,United Kingdom of Great Britain and Northern Ireland
Dev Tools,2025,Ghana (GH)
Serverless,2025,Italy (IT)
Dev Tools,2025,South Africa (ZA)
Dev Tools,2025,Tunisia (TN)
Dev Tools,2025,Thailand (TH)
Serverless,2023,India
Security,2024,Germany
Serverless,2025,India (IN)
Dev Tools,2025,United Kingdom of Great Britain and Northern Ireland (GB)
Data,2023,Germany
Serverless,2025,Myanmar (MM)
Network C&D,2025,India (IN)
AI Engineering,2024,India
Serverless,2021,France
Serverless,2020 beta,Germany
Serverless,2023,Japan
Cloud Operations,2022,Kenya
Serverless,2025,India (IN)
Security,2024,India
Containers,2025,Japan (JP)
Serverless,2023,India
Cloud Operations,2022,Australia
Cloud Operations,2025,Canada (CA)
Containers,2023,India
Serverless,2023,India
AI Engineering,2022,Ireland
Dev Tools,2023,United States of America
Containers,2022,Ukraine
Containers,2025,Israel (IL)
Dev Tools,2024,New Zealand
Dev Tools,2020,United States of America
Serverless,2023,Germany
Network C&D,2022,Switzerland
Network C&D,2021,Germany
Dev Tools,2025,Kenya (KE)
Security,2022,Brazil
Cloud Operations,2023,Cameroon
Cloud Operations,2025,Nigeria (NG)
Cloud Operations,2023,United States of America
Cloud Operations,2023,Australia
Machine Learning,2020,Nigeria
Security,2022,United States of America
Dev Tools,2025,United Kingdom of Great Britain and Northern Ireland (GB)
Serverless,2025,Ghana (GH)
Cloud Operations,2022,United States of America
Serverless,2024,United Kingdom of Great Britain and Northern Ireland
Serverless,2025,Cameroon (CM)
Serverless,2025,Australia (AU)
Security,2025,Singapore (SG)
AI Engineering,2025,China (CN)
Serverless,2024,Serbia
Network C&D,2020 beta,United Kingdom of Great Britain and Northern Ireland
Dev Tools,2023,Nepal
Dev Tools,2025,India (IN)
Dev Tools,2023,India
Serverless,2025,India (IN)
Dev Tools,2023,South Korea
Serverless,2025,India (IN)
Data,2020,Nepal
Dev Tools,2025,United Arab Emirates (AE)
Serverless,2025,India (IN)
Machine Learning,2024,India
AI Engineering,2025,India (IN)
AI Engineering,2025,United States of America (US)
Serverless,2023,India
Containers,2022,Indonesia
Data,2025,Brazil (BR)
Dev Tools,2025,Germany (DE)
Dev Tools,2025,Nigeria (NG)
Machine Learning,2020,Pakistan
Cloud Operations,2025,United Kingdom of Great Britain and Northern Ireland (GB)
Security,2025,India (IN)
AI Engineering,2025,India (IN)
Security,2025,India (IN)
Cloud Operations,2024,Bangladesh
Network C&D,2025,Nepal (NP)
Containers,2023,India
Containers,2021,Singapore
Security,2020,India
AI Engineering,2025,India (IN)
Security,2022,India
Network C&D,2025,United Kingdom of Great Britain and Northern Ireland (GB)
Security,2025,Germany (DE)
Cloud Operations,2025,India (IN)
Data,2025,Nepal (NP)
Security,2024,Nepal
Machine Learning,2024,United States of America
Dev Tools,2023,New Zealand
Cloud Operations,2024,Japan
Data,2023,Germany
Containers,2023,Pakistan
AI Engineering,2025,India (IN)
Network C&D,2024,France
Containers,2025,Nigeria (NG)
Serverless,2024,Poland
Serverless,2025,Poland (PL)
Cloud Operations,2022,South Korea
Machine Learning,2020,South Korea
Cloud Operations,2024,Japan
Network C&D,2025,Japan (JP)
Security,2025,United Kingdom of Great Britain and Northern Ireland (GB)
Serverless,2024,Japan
Network C&D,2025,Japan (JP)
Serverless,2022,Japan
Cloud Operations,2024,Japan
Cloud Operations,2023,Japan
Security,2023,Japan
Serverless,2025,Japan (JP)
Serverless,2025,Japan (JP)
AI Engineering,2025,Japan (JP)
Serverless,2024,Japan
Machine Learning,2023,Japan
Network C&D,2023,Japan
Serverless,2023,Japan
Data,2023,Japan
Serverless,2023,Japan
Cloud Operations,2025,Hong Kong (HK)
Containers,2025,San Marino (SM)
Machine Learning,2025,India (IN)
Serverless,2022,India
Security,2023,Poland
Serverless,2022,Zimbabwe
Security,2024,United States of America
Network C&D,2021,United Arab Emirates
Containers,2025,Pakistan (PK)
Serverless,2024,Japan
Security,2025,Finland (FI)
Network C&D,2025,Nigeria (NG)
Cloud Operations,2025,Nigeria (NG)
Network C&D,2021,Kenya
Network C&D,2021,New Zealand
Containers,2025,Nigeria (NG)
Dev Tools,2023,United States of America
Security,2023,Japan
Containers,2025,Japan (JP)
Serverless,2023,Viet Nam
Data,2025,Sri Lanka (LK)
Machine Learning,2025,Viet Nam (VN)
Security,2025,Thailand (TH)
Cloud Operations,2023,Ghana
Containers,2021,Brazil
Data,2023,Brazil
Serverless,2022,France
AI Engineering,2025,France (FR)
Network C&D,2024,Myanmar
Security,2023,Sri Lanka
Serverless,2022,Sri Lanka
Machine Learning,2021,United States of America
Cloud Operations,2023,United States of America
Dev Tools,2022,Germany
Serverless,2022,France
Serverless,2024,United States of America
Serverless,2025,Australia (AU)
Data,2024,Netherlands
Serverless,2025,Sri Lanka (LK)
Data,2023,Brazil
Serverless,2021,Brazil
AI Engineering,2025,Japan (JP)
Cloud Operations,2023,Viet Nam
Security,2023,Armenia
Data,2023,Sweden
Data,2023,New Zealand
Network C&D,2023,United States of America
AI Engineering,2022,United States of America
Containers,2022,Germany
Containers,2025,Viet Nam (VN)
Cloud Operations,2023,South Africa
Cloud Operations,2023,Zimbabwe
Serverless,2023,Taiwan
Serverless,2020,Germany
Serverless,2021,Germany
Cloud Operations,2025,Germany (DE)
Dev Tools,2025,Switzerland (CH)
Machine Learning,2025,United States of America (US)
Containers,2022,Bulgaria
Containers,2025,T√ºrkiye / Turkey (TR)
Security,2025,Nigeria (NG)
Data,2023,Nigeria
Containers,2022,Belgium
Security,2022,United Kingdom of Great Britain and Northern Ireland
Security,2020,United Kingdom of Great Britain and Northern Ireland
Serverless,2023,Germany
Dev Tools,2025,Japan (JP)
Dev Tools,2022,Japan
Dev Tools,2025,Japan (JP)
Machine Learning,2024,Japan
Network C&D,2023,Japan
Cloud Operations,2025,Japan (JP)
Security,2025,China (CN)
Dev Tools,2023,Peru
Security,2024,Taiwan
Dev Tools,2024,Japan
Cloud Operations,2025,Japan (JP)
Cloud Operations,2020,India
Data,2025,Japan (JP)
Network C&D,2024,Japan
Serverless,2024,Japan
Cloud Operations,2022,Republic of Moldova
Cloud Operations,2025,Australia (AU)
Containers,2022,United States of America
Dev Tools,2025,Canada (CA)
AI Engineering,2025,Viet Nam (VN)
AI Engineering,2025,Japan (JP)
Dev Tools,2021,Viet Nam
Network C&D,2025,Viet Nam (VN)
Serverless,2021,India
Serverless,2024,United States of America
Serverless,2025,Canada (CA)
Security,2025,United States of America (US)
Data,2025,Malaysia (MY)
Cloud Operations,2022,Sri Lanka
Data,2022,Sri Lanka
Serverless,2025,India (IN)
Data,2025,T√ºrkiye / Turkey (TR)
Serverless,2022,India
Dev Tools,2023,Nigeria
Cloud Operations,2025,Nepal (NP)
Containers,2025,Sri Lanka (LK)
Machine Learning,2025,Nepal (NP)
Network C&D,2025,Slovenia (SI)
Data,2025,Canada (CA)
AI Engineering,2025,India (IN)
Serverless,2022,Pakistan
Cloud Operations,2025,Pakistan (PK)
Containers,2025,Thailand (TH)
Cloud Operations,2025,Armenia (AM)
Dev Tools,2025,India (IN)
Containers,2021,Germany
Containers,2025,Nigeria (NG)
Serverless,2025,United Kingdom of Great Britain and Northern Ireland (GB)
Cloud Operations,2025,India (IN)
Security,2024,Germany
Serverless,2025,India (IN)
Data,2025,T√ºrkiye / Turkey (TR)
Security,2025,India (IN)
Network C&D,2025,India (IN)
AI Engineering,2025,Mexico (MX)
Data,2025,Montenegro (ME)
Security,2025,India (IN)
Machine Learning,2025,Mexico (MX)
Cloud Operations,2022,Spain
Data,2023,Canada
Data,2020,Spain
Security,2025,United Kingdom of Great Britain and Northern Ireland (GB)
Containers,2025,Kenya (KE)
Serverless,2025,United Kingdom of Great Britain and Northern Ireland (GB)
Machine Learning,2020,India
Containers,2025,Finland (FI)
Security,2020 beta,India
AI Engineering,2024,India
AI Engineering,2025,India (IN)
Security,2024,Netherlands
Network C&D,2025,Sri Lanka (LK)
Serverless,2023,India
Dev Tools,2023,Georgia
Serverless,2024,Romania
Security,2025,Ukraine (UA)
Security,2024,United Kingdom of Great Britain and Northern Ireland
Security,2022,Singapore
AI Engineering,2022,Nigeria
Machine Learning,2022,Belgium
Serverless,2023,Brazil
AI Engineering,2025,Brazil (BR)
Machine Learning,2025,India (IN)
AI Engineering,2025,India (IN)
Serverless,2025,Sri Lanka (LK)
Dev Tools,2025,India (IN)
Containers,2022,United Kingdom of Great Britain and Northern Ireland
Serverless,2024,Singapore
Network C&D,2025,India (IN)
Serverless,2025,India (IN)
Serverless,2025,India (IN)
Data,2025,India (IN)
AI Engineering,2021,India
Serverless,2020,India
Containers,2021,India
Containers,2025,Kazakhstan (KZ)
Serverless,2022,Brazil
AI Engineering,2023,India
AI Engineering,2025,India (IN)
AI Engineering,2025,Canada (CA)
Machine Learning,2023,United States of America
Serverless,2024,Romania
Security,2022,Thailand
AI Engineering,2024,Germany
AI Engineering,2025,India (IN)
Data,2020 beta,Panama
Containers,2025,Myanmar (MM)
Containers,2025,Myanmar (MM)
Cloud Operations,2023,France
Containers,2021,United States of America
Security,2023,Taiwan
Serverless,2024,Switzerland
Containers,2025,Pakistan (PK)
Cloud Operations,2022,Japan
Serverless,2020,United States of America
Serverless,2023,Brazil
Containers,2022,China
AI Engineering,2025,China (CN)
Data,2022,Taiwan
Data,2022,Germany
Cloud Operations,2023,China
Cloud Operations,2021,Singapore
Dev Tools,2022,Brazil
Security,2023,Kenya
AI Engineering,2025,Australia (AU)
Cloud Operations,2025,United States of America (US)
Data,2023,Kenya
Data,2023,Chile
Network C&D,2022,United States of America
Serverless,2020,Brazil
Serverless,2023,South Africa
Security,2025,Ecuador (EC)
Containers,2025,Kenya (KE)
Network C&D,2025,United States of America (US)
Containers,2025,Singapore (SG)
Machine Learning,2022,Iraq
Dev Tools,2024,Poland
Network C&D,2022,Poland
Dev Tools,2020 beta,Brazil
Machine Learning,2023,Ghana
Data,2022,South Korea
Serverless,2021,Cyprus
AI Engineering,2021,Spain
Containers,2023,New Zealand
AI Engineering,2025,China (CN)
Data,2024,Malaysia
AI Engineering,2025,China (CN)
Cloud Operations,2023,Tunisia
Dev Tools,2023,Germany
Cloud Operations,2023,China
Containers,2022,United States of America
Cloud Operations,2022,Netherlands
Serverless,2023,Poland
Containers,2023,India
Containers,2022,United States of America
Containers,2023,India
Data,2025,India (IN)
Cloud Operations,2023,India
Dev Tools,2024,Japan
Security,2025,Italy (IT)
Cloud Operations,2025,Japan (JP)
Dev Tools,2022,Japan
Containers,2023,Japan
AI Engineering,2025,India (IN)
Cloud Operations,2023,Myanmar
Network C&D,2023,Myanmar
Serverless,2025,Myanmar (MM)
Containers,2025,China (CN)
Network C&D,2024,Israel
Containers,2025,Singapore (SG)
Dev Tools,2024,India
Containers,2020,Taiwan
Cloud Operations,2022,United States of America
Serverless,2023,Viet Nam
Machine Learning,2021,South Korea
Serverless,2023,India
Network C&D,2025,Myanmar (MM)
Containers,2022,United States of America
AI Engineering,2020,Australia
Containers,2022,Singapore
Serverless,2025,United States of America (US)
Serverless,2025,Japan (JP)
Dev Tools,2024,Japan
Cloud Operations,2023,Japan
Dev Tools,2023,Japan
Machine Learning,2021,Japan
AI Engineering,2025,Japan (JP)
Data,2023,South Korea
Cloud Operations,2023,South Korea
Cloud Operations,2023,Argentina
Dev Tools,2024,Japan
Network C&D,2024,Japan
Security,2023,Japan
Serverless,2024,Japan
Cloud Operations,2025,Japan (JP)
Cloud Operations,2023,Japan
Machine Learning,2024,Japan
Security,2024,Japan
AI Engineering,2025,Japan (JP)
Security,2025,Japan (JP)
Network C&D,2025,Japan (JP)
Security,2021,Japan
Containers,2025,T√ºrkiye / Turkey (TR)
Dev Tools,2023,Japan
Serverless,2025,Indonesia (ID)
Containers,2022,Nigeria
Security,2022,Russian Federation
Data,2025,Nigeria (NG)
Serverless,2025,United Kingdom of Great Britain and Northern Ireland (GB)
Security,2023,Japan
Serverless,2024,Japan
Security,2023,Japan
Security,2024,Japan
Security,2025,Japan (JP)
Data,2025,Japan (JP)
Security,2023,Japan
Dev Tools,2025,Japan (JP)
AI Engineering,2025,Israel (IL)
Data,2025,India (IN)
Dev Tools,2022,Netherlands
Serverless,2021,United Kingdom of Great Britain and Northern Ireland
Data,2025,United States of America (US)
Containers,2022,Iraq
Cloud Operations,2025,India (IN)
Cloud Operations,2025,T√ºrkiye / Turkey (TR)
Containers,2025,United Kingdom of Great Britain and Northern Ireland (GB)
AI Engineering,2025,T√ºrkiye / Turkey (TR)
AI Engineering,2025,China (CN)
Cloud Operations,2024,Taiwan
Serverless,2023,France
AI Engineering,2025,China (CN)
Security,2025,United States of America (US)
Security,2022,Kenya
Security,2022,Canada
Machine Learning,2024,United States of America
Security,2023,Colombia
Serverless,2025,Pakistan (PK)